word,pos,description
니까,ECD,의존적 연결 어미
라고,ECD,의존적 연결 어미
아도,ECD,의존적 연결 어미
어서,ECD,의존적 연결 어미
ㄴ데,ECD,의존적 연결 어미
으니,ECD,의존적 연결 어미
ㄹ까요,ECD,의존적 연결 어미
으면,ECD,의존적 연결 어미
ㄹ까,ECD,의존적 연결 어미
더니,ECD,의존적 연결 어미
니깐,ECD,의존적 연결 어미
길래,ECD,의존적 연결 어미
아야,ECD,의존적 연결 어미
는데,ECD,의존적 연결 어미
게,ECD,의존적 연결 어미
기에,ECD,의존적 연결 어미
어도,ECD,의존적 연결 어미
ㄹ라,ECD,의존적 연결 어미
으므로,ECD,의존적 연결 어미
려,ECD,의존적 연결 어미
으니까,ECD,의존적 연결 어미
서,ECD,의존적 연결 어미
게끔,ECD,의존적 연결 어미
도록,ECD,의존적 연결 어미
러,ECD,의존적 연결 어미
라도,ECD,의존적 연결 어미
려고,ECD,의존적 연결 어미
어야,ECD,의존적 연결 어미
다가,ECD,의존적 연결 어미
ㄴ지,ECD,의존적 연결 어미
지,ECD,의존적 연결 어미
아,ECD,의존적 연결 어미
아서,ECD,의존적 연결 어미
더라도,ECD,의존적 연결 어미
ㄹ지,ECD,의존적 연결 어미
자고,ECD,의존적 연결 어미
다시피,ECD,의존적 연결 어미
느라,ECD,의존적 연결 어미
라면,ECD,의존적 연결 어미
니,ECD,의존적 연결 어미
은데,ECD,의존적 연결 어미
ㄹ수록,ECD,의존적 연결 어미
어,ECD,의존적 연결 어미
라,ECD,의존적 연결 어미
으려,ECD,의존적 연결 어미
든,ECE,대등 연결 어미
ㄴ다면서,ECE,대등 연결 어미
다고만,ECE,대등 연결 어미
고,ECE,대등 연결 어미
든지,ECE,대등 연결 어미
며,ECE,대등 연결 어미
는다면,ECE,대등 연결 어미
자,ECE,대등 연결 어미
으나,ECE,대등 연결 어미
나요,ECE,대등 연결 어미
지만,ECE,대등 연결 어미
거나,ECE,대등 연결 어미
나,ECE,대등 연결 어미
ㄴ다면,ECE,대등 연결 어미
고는,ECE,대등 연결 어미
ㄴ다며,ECE,대등 연결 어미
다면,ECE,대등 연결 어미
다며,ECE,대등 연결 어미
면,ECE,대등 연결 어미
ㄴ다고,ECE,대등 연결 어미
려면,ECE,대등 연결 어미
구,ECE,대등 연결 어미
건,ECE,대등 연결 어미
으며,ECE,대등 연결 어미
으면서,ECE,대등 연결 어미
면서,ECE,대등 연결 어미
자면,ECE,대등 연결 어미
더라면,ECE,대등 연결 어미
ㄴ데,ECE,대등 연결 어미
ㄴ다,ECS,보조적 연결 어미
아야,ECS,보조적 연결 어미
까말까,ECS,보조적 연결 어미
곤,ECS,보조적 연결 어미
ㄴ가,ECS,보조적 연결 어미
을지,ECS,보조적 연결 어미
는지,ECS,보조적 연결 어미
지,ECS,보조적 연결 어미
구,ECS,보조적 연결 어미
어,ECS,보조적 연결 어미
아,ECS,보조적 연결 어미
여,ECS,보조적 연결 어미
ㄴ지,ECS,보조적 연결 어미
다,ECS,보조적 연결 어미
ㅂ시다,EFA,청유형 종결 어미
세요,EFA,청유형 종결 어미
군요,EFI,감탄현 종결 어미
더군,EFI,감탄현 종결 어미
는구나,EFI,감탄현 종결 어미
다,EFN,평서형 종결 어미
지,EFN,평서형 종결 어미
잖아,EFN,평서형 종결 어미
려니,EFN,평서형 종결 어미
네,EFN,평서형 종결 어미
세요,EFN,평서형 종결 어미
습니다,EFN,평서형 종결 어미
라고요,EFN,평서형 종결 어미
게요,EFN,평서형 종결 어미
다고,EFN,평서형 종결 어미
다니,EFN,평서형 종결 어미
고요,EFN,평서형 종결 어미
ㅁ니다,EFN,평서형 종결 어미
대,EFN,평서형 종결 어미
라,EFN,평서형 종결 어미
아요,EFN,평서형 종결 어미
ㄹ게요,EFN,평서형 종결 어미
죠,EFN,평서형 종결 어미
더라,EFN,평서형 종결 어미
ㅂ니다,EFN,평서형 종결 어미
내요,EFN,평서형 종결 어미
ㄴ데요,EFN,평서형 종결 어미
야,EFN,평서형 종결 어미
네요,EFN,평서형 종결 어미
ㄴ대,EFN,평서형 종결 어미
에요,EFN,평서형 종결 어미
어요,EFN,평서형 종결 어미
ㄴ다,EFN,평서형 종결 어미
구요,EFN,평서형 종결 어미
ㄴ다니,EFN,평서형 종결 어미
어야지,EFN,평서형 종결 어미
어,EFN,평서형 종결 어미
내,EFN,평서형 종결 어미
나이다,EFN,평서형 종결 어미
요,EFN,평서형 종결 어미
리라,EFN,평서형 종결 어미
라구요,EFN,평서형 종결 어미
어라,EFO,명령형 종결 어미
아라,EFO,명령형 종결 어미
라니,EFQ,의문형 종결 어미
나요,EFQ,의문형 종결 어미
던,EFQ,의문형 종결 어미
나,EFQ,의문형 종결 어미
을까,EFQ,의문형 종결 어미
냐,EFQ,의문형 종결 어미
ㄴ가,EFQ,의문형 종결 어미
는가,EFQ,의문형 종결 어미
는다고,EFQ,의문형 종결 어미
누,EFQ,의문형 종결 어미
리,EFQ,의문형 종결 어미
니,EFQ,의문형 종결 어미
ㄹ까,EFQ,의문형 종결 어미
ㄹ래,EFQ,의문형 종결 어미
디,EFQ,의문형 종결 어미
ㅂ니까,EFQ,의문형 종결 어미
ㅎㅎ,EMO,"이모티콘, ㅋㅋ, ㅎㅎ"
ㅎㅎㅎㅎ,EMO,"이모티콘, ㅋㅋ, ㅎㅎ"
ㅋㅋㅋㅋ,EMO,"이모티콘, ㅋㅋ, ㅎㅎ"
ㅋㅋㅋ,EMO,"이모티콘, ㅋㅋ, ㅎㅎ"
ㅋㅋ,EMO,"이모티콘, ㅋㅋ, ㅎㅎ"
시,EPH,존칭 선어말 어미
으시,EPH,존칭 선어말 어미
었,EPT,시제 선어말 어미
였,EPT,시제 선어말 어미
겠,EPT,시제 선어말 어미
더,EPT,시제 선어말 어미
는,EPT,시제 선어말 어미
았,EPT,시제 선어말 어미
단,ETD,관형형 전성 어미
란,ETD,관형형 전성 어미
은,ETD,관형형 전성 어미
ㄴ,ETD,관형형 전성 어미
라는,ETD,관형형 전성 어미
다는,ETD,관형형 전성 어미
는,ETD,관형형 전성 어미
을,ETD,관형형 전성 어미
으려는,ETD,관형형 전성 어미
려는,ETD,관형형 전성 어미
ㄴ다는,ETD,관형형 전성 어미
ㄹ,ETD,관형형 전성 어미
기요,ETN,명사형 전성 어미
기,ETN,명사형 전성 어미
ㅁ,ETN,명사형 전성 어미
음,ETN,명사형 전성 어미
아냐,IC,감탄사
꺄,IC,감탄사
엥,IC,감탄사
앗,IC,감탄사
음,IC,감탄사
글쎄,IC,감탄사
에에,IC,감탄사
와,JC,접속 조사
요,JC,접속 조사
이나,JC,접속 조사
며,JC,접속 조사
랑,JC,접속 조사
나,JC,접속 조사
다,JC,접속 조사
과,JC,접속 조사
이랑,JC,접속 조사
고,JC,접속 조사
니,JC,접속 조사
이,JKC,보격 조사
가,JKC,보격 조사
의,JKG,관형격 조사
아,JKI,호격 조사
으로써,JKM,부사격 조사
에서,JKM,부사격 조사
서,JKM,부사격 조사
으로서,JKM,부사격 조사
께,JKM,부사격 조사
로써,JKM,부사격 조사
에게,JKM,부사격 조사
로,JKM,부사격 조사
와,JKM,부사격 조사
보다,JKM,부사격 조사
같이,JKM,부사격 조사
과,JKM,부사격 조사
으로,JKM,부사격 조사
처럼,JKM,부사격 조사
에,JKM,부사격 조사
한테,JKO,목적격 조사
를,JKO,목적격 조사
을,JKO,목적격 조사
과,JKO,목적격 조사
ㄹ,JKO,목적격 조사
라고,JKQ,인용격 조사
고,JKQ,인용격 조사
은,JKS,주격 조사
는,JKS,주격 조사
라서,JKS,주격 조사
가,JKS,주격 조사
이,JKS,주격 조사
는,JX,보조사
나,JX,보조사
를,JX,보조사
치고,JX,보조사
만,JX,보조사
까지,JX,보조사
야,JX,보조사
마다,JX,보조사
을,JX,보조사
이나,JX,보조사
뿐,JX,보조사
란,JX,보조사
은,JX,보조사
커녕,JX,보조사
라도,JX,보조사
이,JX,보조사
대로,JX,보조사
ㄹ,JX,보조사
ㄴ,JX,보조사
도,JX,보조사
밖에,JX,보조사
만큼,JX,보조사
부터,JX,보조사
요,JX,보조사
라고,JX,보조사
그리고,MAC,접속 부사
하지만,MAC,접속 부사
내내,MAG,일반 부사
그나마,MAG,일반 부사
솔직히,MAG,일반 부사
저렇게,MAG,일반 부사
더욱,MAG,일반 부사
훨,MAG,일반 부사
저쯤,MAG,일반 부사
주르륵,MAG,일반 부사
갑자기,MAG,일반 부사
지내,MAG,일반 부사
아직,MAG,일반 부사
다,MAG,일반 부사
그저,MAG,일반 부사
이리,MAG,일반 부사
잠깐,MAG,일반 부사
되게,MAG,일반 부사
일단,MAG,일반 부사
좀,MAG,일반 부사
스스로,MAG,일반 부사
이미,MAG,일반 부사
그냥,MAG,일반 부사
펄럭,MAG,일반 부사
젤,MAG,일반 부사
적당히,MAG,일반 부사
미리,MAG,일반 부사
잘,MAG,일반 부사
항상,MAG,일반 부사
영원히,MAG,일반 부사
쬐끔,MAG,일반 부사
적어도,MAG,일반 부사
진작,MAG,일반 부사
당연히,MAG,일반 부사
대놓고,MAG,일반 부사
감히,MAG,일반 부사
엄청,MAG,일반 부사
한번,MAG,일반 부사
방금,MAG,일반 부사
빵빵,MAG,일반 부사
얼마나,MAG,일반 부사
꽤,MAG,일반 부사
자칫,MAG,일반 부사
마냥,MAG,일반 부사
없이,MAG,일반 부사
끊임없이,MAG,일반 부사
아야,MAG,일반 부사
특히나,MAG,일반 부사
정신없이,MAG,일반 부사
굳이,MAG,일반 부사
괜히,MAG,일반 부사
띵,MAG,일반 부사
딱히,MAG,일반 부사
잠시,MAG,일반 부사
무지,MAG,일반 부사
짱,MAG,일반 부사
천만,MAG,일반 부사
적이,MAG,일반 부사
엉엉,MAG,일반 부사
내,MAG,일반 부사
다시,MAG,일반 부사
현재,MAG,일반 부사
개웃,MAG,일반 부사
모처럼,MAG,일반 부사
몰래,MAG,일반 부사
도대체,MAG,일반 부사
지금,MAG,일반 부사
정말로,MAG,일반 부사
달리,MAG,일반 부사
제대로,MAG,일반 부사
아무리,MAG,일반 부사
씩,MAG,일반 부사
않,MAG,일반 부사
제발,MAG,일반 부사
이렇게,MAG,일반 부사
뭉클,MAG,일반 부사
냉정히,MAG,일반 부사
그대로,MAG,일반 부사
열심히,MAG,일반 부사
나랑,MAG,일반 부사
이제서야,MAG,일반 부사
높이,MAG,일반 부사
가득,MAG,일반 부사
마구,MAG,일반 부사
일찍,MAG,일반 부사
굉장히,MAG,일반 부사
그럭저럭,MAG,일반 부사
찍,MAG,일반 부사
요새,MAG,일반 부사
무조건,MAG,일반 부사
울컥,MAG,일반 부사
그닥,MAG,일반 부사
정말,MAG,일반 부사
새로,MAG,일반 부사
작이,MAG,일반 부사
언제,MAG,일반 부사
못,MAG,일반 부사
확실히,MAG,일반 부사
무작정,MAG,일반 부사
진짜,MAG,일반 부사
근데,MAG,일반 부사
이에,MAG,일반 부사
이제,MAG,일반 부사
단순히,MAG,일반 부사
마치,MAG,일반 부사
넘,MAG,일반 부사
요즘,MAG,일반 부사
짝짝,MAG,일반 부사
하도,MAG,일반 부사
매우,MAG,일반 부사
억지로,MAG,일반 부사
쓸데없이,MAG,일반 부사
제일,MAG,일반 부사
함께,MAG,일반 부사
참,MAG,일반 부사
진정,MAG,일반 부사
전혀,MAG,일반 부사
역시,MAG,일반 부사
퉁퉁,MAG,일반 부사
멍하니,MAG,일반 부사
즉,MAG,일반 부사
상당히,MAG,일반 부사
너무나,MAG,일반 부사
심지어,MAG,일반 부사
꼭,MAG,일반 부사
감사히,MAG,일반 부사
새삼,MAG,일반 부사
도저히,MAG,일반 부사
너무너무,MAG,일반 부사
길래,MAG,일반 부사
아주,MAG,일반 부사
걍,MAG,일반 부사
툭하면,MAG,일반 부사
천천히,MAG,일반 부사
똑바로,MAG,일반 부사
가장,MAG,일반 부사
전부,MAG,일반 부사
그동안,MAG,일반 부사
언제나,MAG,일반 부사
새롭,MAG,일반 부사
별루,MAG,일반 부사
픽,MAG,일반 부사
또,MAG,일반 부사
왜,MAG,일반 부사
꾸준히,MAG,일반 부사
주기,MAG,일반 부사
하여간,MAG,일반 부사
줄줄,MAG,일반 부사
아까,MAG,일반 부사
여러모로,MAG,일반 부사
많이,MAG,일반 부사
벌써,MAG,일반 부사
자꾸,MAG,일반 부사
빨리,MAG,일반 부사
완전히,MAG,일반 부사
펑펑,MAG,일반 부사
안,MAG,일반 부사
계속,MAG,일반 부사
정녕,MAG,일반 부사
먼저,MAG,일반 부사
끄덕,MAG,일반 부사
늘,MAG,일반 부사
가끔,MAG,일반 부사
싹,MAG,일반 부사
갈수록,MAG,일반 부사
이제야,MAG,일반 부사
하나같이,MAG,일반 부사
더,MAG,일반 부사
훌쩍,MAG,일반 부사
채,MAG,일반 부사
너무,MAG,일반 부사
보다,MAG,일반 부사
딱,MAG,일반 부사
훨씬,MAG,일반 부사
점점,MAG,일반 부사
맨날,MAG,일반 부사
하필,MAG,일반 부사
대단,MAG,일반 부사
분명,MAG,일반 부사
절대,MAG,일반 부사
찡,MAG,일반 부사
쭉쭉,MAG,일반 부사
한데,MAG,일반 부사
피식,MAG,일반 부사
어쨌든,MAG,일반 부사
충분히,MAG,일반 부사
특히,MAG,일반 부사
욱,MAG,일반 부사
잔잔히,MAG,일반 부사
여태,MAG,일반 부사
피식피식,MAG,일반 부사
다행히,MAG,일반 부사
별로,MAG,일반 부사
네,MDN,수 관형사
한두,MDN,수 관형사
두,MDN,수 관형사
세,MDN,수 관형사
한,MDN,수 관형사
오,MDN,수 관형사
모든,MDT,일반 관형사
옛,MDT,일반 관형사
그런,MDT,일반 관형사
뭔,MDT,일반 관형사
이런,MDT,일반 관형사
이따위,MDT,일반 관형사
첫,MDT,일반 관형사
아무,MDT,일반 관형사
몇,MDT,일반 관형사
이딴,MDT,일반 관형사
온갖,MDT,일반 관형사
저,MDT,일반 관형사
왠,MDT,일반 관형사
본,MDT,일반 관형사
다른,MDT,일반 관형사
무슨,MDT,일반 관형사
여러,MDT,일반 관형사
그,MDT,일반 관형사
새,MDT,일반 관형사
전,MDT,일반 관형사
몇몇,MDT,일반 관형사
이,MDT,일반 관형사
맨,MDT,일반 관형사
줄,NNB,일반 의존 명사
마련,NNB,일반 의존 명사
만이,NNB,일반 의존 명사
편,NNB,일반 의존 명사
님,NNB,일반 의존 명사
뻔,NNB,일반 의존 명사
점,NNB,일반 의존 명사
지,NNB,일반 의존 명사
나름,NNB,일반 의존 명사
내,NNB,일반 의존 명사
듯이,NNB,일반 의존 명사
간,NNB,일반 의존 명사
만,NNB,일반 의존 명사
셈,NNB,일반 의존 명사
적,NNB,일반 의존 명사
따위,NNB,일반 의존 명사
외,NNB,일반 의존 명사
뿐,NNB,일반 의존 명사
참,NNB,일반 의존 명사
중,NNB,일반 의존 명사
터,NNB,일반 의존 명사
수,NNB,일반 의존 명사
넘,NNB,일반 의존 명사
쪽,NNB,일반 의존 명사
리,NNB,일반 의존 명사
듯,NNB,일반 의존 명사
마리,NNB,일반 의존 명사
자,NNB,일반 의존 명사
데,NNB,일반 의존 명사
따름,NNB,일반 의존 명사
놈,NNB,일반 의존 명사
번,NNB,일반 의존 명사
옹,NNB,일반 의존 명사
투,NNB,일반 의존 명사
번째,NNB,일반 의존 명사
초,NNB,일반 의존 명사
거,NNB,일반 의존 명사
식,NNB,일반 의존 명사
야,NNB,일반 의존 명사
등,NNB,일반 의존 명사
분,NNB,일반 의존 명사
씨,NNB,일반 의존 명사
대,NNB,일반 의존 명사
때문,NNB,일반 의존 명사
것,NNB,일반 의존 명사
인증,NNG,보통 명사
감안,NNG,보통 명사
잔인,NNG,보통 명사
게임,NNG,보통 명사
환타지,NNG,보통 명사
엉망,NNG,보통 명사
변,NNG,보통 명사
현실,NNG,보통 명사
웹,NNG,보통 명사
포트폴리오,NNG,보통 명사
영웅,NNG,보통 명사
이요,NNG,보통 명사
곳곳,NNG,보통 명사
최근,NNG,보통 명사
세계,NNG,보통 명사
지옥,NNG,보통 명사
균,NNG,보통 명사
진,NNG,보통 명사
시하,NNG,보통 명사
부각,NNG,보통 명사
장군,NNG,보통 명사
구간,NNG,보통 명사
과언,NNG,보통 명사
한반도,NNG,보통 명사
니어,NNG,보통 명사
이동,NNG,보통 명사
과잉,NNG,보통 명사
충족,NNG,보통 명사
완성,NNG,보통 명사
추천,NNG,보통 명사
심,NNG,보통 명사
소식,NNG,보통 명사
복습,NNG,보통 명사
이해,NNG,보통 명사
틀,NNG,보통 명사
어,NNG,보통 명사
담,NNG,보통 명사
활용도,NNG,보통 명사
테,NNG,보통 명사
동안,NNG,보통 명사
해상,NNG,보통 명사
봉,NNG,보통 명사
개,NNG,보통 명사
직원,NNG,보통 명사
기분,NNG,보통 명사
단거,NNG,보통 명사
살만,NNG,보통 명사
인간,NNG,보통 명사
볼거리,NNG,보통 명사
국화,NNG,보통 명사
구현,NNG,보통 명사
불멸,NNG,보통 명사
두말,NNG,보통 명사
웃음,NNG,보통 명사
진기,NNG,보통 명사
사상,NNG,보통 명사
재료,NNG,보통 명사
장사,NNG,보통 명사
감동적,NNG,보통 명사
잘못,NNG,보통 명사
보세,NNG,보통 명사
다이,NNG,보통 명사
버스,NNG,보통 명사
역,NNG,보통 명사
주민,NNG,보통 명사
곳,NNG,보통 명사
시,NNG,보통 명사
강추,NNG,보통 명사
내용,NNG,보통 명사
부분,NNG,보통 명사
돈벌이,NNG,보통 명사
반일,NNG,보통 명사
친일파,NNG,보통 명사
꿀,NNG,보통 명사
자연,NNG,보통 명사
구연,NNG,보통 명사
최대,NNG,보통 명사
기대,NNG,보통 명사
안감,NNG,보통 명사
방해,NNG,보통 명사
반영,NNG,보통 명사
신이,NNG,보통 명사
타임,NNG,보통 명사
하늬,NNG,보통 명사
한데,NNG,보통 명사
만개,NNG,보통 명사
북한,NNG,보통 명사
조무,NNG,보통 명사
영화감독,NNG,보통 명사
향기,NNG,보통 명사
연출력,NNG,보통 명사
결론,NNG,보통 명사
대규모,NNG,보통 명사
교훈적,NNG,보통 명사
대가리,NNG,보통 명사
대하,NNG,보통 명사
정현,NNG,보통 명사
마약,NNG,보통 명사
일한,NNG,보통 명사
금,NNG,보통 명사
벌레,NNG,보통 명사
감독,NNG,보통 명사
존경,NNG,보통 명사
앞,NNG,보통 명사
간만,NNG,보통 명사
판타지,NNG,보통 명사
위대,NNG,보통 명사
디,NNG,보통 명사
뒷심,NNG,보통 명사
눈물샘,NNG,보통 명사
나이트,NNG,보통 명사
광해,NNG,보통 명사
붓,NNG,보통 명사
거짓말,NNG,보통 명사
실망,NNG,보통 명사
구매,NNG,보통 명사
탄,NNG,보통 명사
소방관,NNG,보통 명사
총집합,NNG,보통 명사
캐릭터,NNG,보통 명사
낮,NNG,보통 명사
막판,NNG,보통 명사
증거,NNG,보통 명사
보기,NNG,보통 명사
명장,NNG,보통 명사
직후,NNG,보통 명사
이리,NNG,보통 명사
연발,NNG,보통 명사
난,NNG,보통 명사
애국주의,NNG,보통 명사
감각적,NNG,보통 명사
조미료,NNG,보통 명사
원,NNG,보통 명사
매니아,NNG,보통 명사
킹,NNG,보통 명사
이후,NNG,보통 명사
영접,NNG,보통 명사
생각,NNG,보통 명사
안녕,NNG,보통 명사
일품,NNG,보통 명사
명작,NNG,보통 명사
수원,NNG,보통 명사
걸,NNG,보통 명사
육질,NNG,보통 명사
중국산,NNG,보통 명사
부관,NNG,보통 명사
스토리,NNG,보통 명사
왜란,NNG,보통 명사
디테일,NNG,보통 명사
관계,NNG,보통 명사
대사,NNG,보통 명사
소화율,NNG,보통 명사
혼,NNG,보통 명사
비평,NNG,보통 명사
봄,NNG,보통 명사
핵,NNG,보통 명사
참신,NNG,보통 명사
시기,NNG,보통 명사
만도,NNG,보통 명사
뮤지컬,NNG,보통 명사
오해,NNG,보통 명사
맛,NNG,보통 명사
기록,NNG,보통 명사
중,NNG,보통 명사
개똥,NNG,보통 명사
검사,NNG,보통 명사
모델,NNG,보통 명사
만기,NNG,보통 명사
가,NNG,보통 명사
흑,NNG,보통 명사
오늘,NNG,보통 명사
회사원,NNG,보통 명사
친절,NNG,보통 명사
끼니,NNG,보통 명사
재판,NNG,보통 명사
할머니,NNG,보통 명사
유도,NNG,보통 명사
자극,NNG,보통 명사
상황도,NNG,보통 명사
존속,NNG,보통 명사
노기,NNG,보통 명사
도,NNG,보통 명사
글자,NNG,보통 명사
실수,NNG,보통 명사
잠,NNG,보통 명사
나머지,NNG,보통 명사
소비,NNG,보통 명사
부하,NNG,보통 명사
치중,NNG,보통 명사
인상적,NNG,보통 명사
오정,NNG,보통 명사
모션,NNG,보통 명사
머릿속,NNG,보통 명사
오락,NNG,보통 명사
고급,NNG,보통 명사
아지,NNG,보통 명사
유머,NNG,보통 명사
전율,NNG,보통 명사
보시,NNG,보통 명사
전투,NNG,보통 명사
출신,NNG,보통 명사
보잘것,NNG,보통 명사
쿠폰,NNG,보통 명사
무협,NNG,보통 명사
애,NNG,보통 명사
궁,NNG,보통 명사
ㅂ,NNG,보통 명사
마,NNG,보통 명사
줄거리,NNG,보통 명사
여운,NNG,보통 명사
기준점,NNG,보통 명사
하소연,NNG,보통 명사
부담,NNG,보통 명사
흥미,NNG,보통 명사
본지,NNG,보통 명사
대중,NNG,보통 명사
최종,NNG,보통 명사
지랄,NNG,보통 명사
거,NNG,보통 명사
씨,NNG,보통 명사
여,NNG,보통 명사
배꼽,NNG,보통 명사
미지,NNG,보통 명사
별개,NNG,보통 명사
마케팅,NNG,보통 명사
포스,NNG,보통 명사
무엇,NNG,보통 명사
근,NNG,보통 명사
사과,NNG,보통 명사
활용,NNG,보통 명사
호소,NNG,보통 명사
중이,NNG,보통 명사
용기,NNG,보통 명사
내도,NNG,보통 명사
순간,NNG,보통 명사
표현력,NNG,보통 명사
왜군,NNG,보통 명사
표정,NNG,보통 명사
강요,NNG,보통 명사
이랑,NNG,보통 명사
점수,NNG,보통 명사
단조,NNG,보통 명사
전결,NNG,보통 명사
사실,NNG,보통 명사
쓰레기,NNG,보통 명사
김치찌개,NNG,보통 명사
발전,NNG,보통 명사
자부,NNG,보통 명사
순은,NNG,보통 명사
정석,NNG,보통 명사
님,NNG,보통 명사
간,NNG,보통 명사
역사적,NNG,보통 명사
미,NNG,보통 명사
감회,NNG,보통 명사
교훈,NNG,보통 명사
요초,NNG,보통 명사
생인,NNG,보통 명사
투명,NNG,보통 명사
표,NNG,보통 명사
상기,NNG,보통 명사
최다,NNG,보통 명사
남인,NNG,보통 명사
완전,NNG,보통 명사
왕조,NNG,보통 명사
폭력,NNG,보통 명사
재식,NNG,보통 명사
능력,NNG,보통 명사
뽕,NNG,보통 명사
난리,NNG,보통 명사
민,NNG,보통 명사
등,NNG,보통 명사
서,NNG,보통 명사
대명,NNG,보통 명사
역대,NNG,보통 명사
라면,NNG,보통 명사
입구,NNG,보통 명사
아들,NNG,보통 명사
홍은,NNG,보통 명사
토론,NNG,보통 명사
고전,NNG,보통 명사
영상,NNG,보통 명사
어이,NNG,보통 명사
돌,NNG,보통 명사
시간,NNG,보통 명사
조직,NNG,보통 명사
누룽지,NNG,보통 명사
특별,NNG,보통 명사
이름,NNG,보통 명사
패스,NNG,보통 명사
동,NNG,보통 명사
일반,NNG,보통 명사
거리,NNG,보통 명사
사랑,NNG,보통 명사
비례,NNG,보통 명사
본적,NNG,보통 명사
싸구려,NNG,보통 명사
이병,NNG,보통 명사
개판,NNG,보통 명사
다,NNG,보통 명사
한숨,NNG,보통 명사
미래,NNG,보통 명사
공감,NNG,보통 명사
목숨,NNG,보통 명사
주연,NNG,보통 명사
개재,NNG,보통 명사
주,NNG,보통 명사
티나,NNG,보통 명사
짐,NNG,보통 명사
중단,NNG,보통 명사
눈물,NNG,보통 명사
수준급,NNG,보통 명사
각각,NNG,보통 명사
그때,NNG,보통 명사
독립운동,NNG,보통 명사
고질적,NNG,보통 명사
치열,NNG,보통 명사
부제,NNG,보통 명사
후회,NNG,보통 명사
막내,NNG,보통 명사
영화관,NNG,보통 명사
환장,NNG,보통 명사
게,NNG,보통 명사
안보,NNG,보통 명사
매력,NNG,보통 명사
쯤,NNG,보통 명사
상인,NNG,보통 명사
허세,NNG,보통 명사
거구,NNG,보통 명사
치마,NNG,보통 명사
소장,NNG,보통 명사
절망,NNG,보통 명사
값어치,NNG,보통 명사
서민,NNG,보통 명사
논,NNG,보통 명사
뽕짝,NNG,보통 명사
단,NNG,보통 명사
극장,NNG,보통 명사
미스터리,NNG,보통 명사
편집,NNG,보통 명사
영화인,NNG,보통 명사
자제,NNG,보통 명사
객관적,NNG,보통 명사
감이,NNG,보통 명사
대상,NNG,보통 명사
상업,NNG,보통 명사
다행,NNG,보통 명사
메,NNG,보통 명사
급,NNG,보통 명사
발음,NNG,보통 명사
경찰,NNG,보통 명사
포,NNG,보통 명사
노력,NNG,보통 명사
계산,NNG,보통 명사
화,NNG,보통 명사
도덕,NNG,보통 명사
거북선,NNG,보통 명사
천재,NNG,보통 명사
창작물,NNG,보통 명사
현재,NNG,보통 명사
천의,NNG,보통 명사
유치,NNG,보통 명사
공격,NNG,보통 명사
조,NNG,보통 명사
천,NNG,보통 명사
짝,NNG,보통 명사
동생,NNG,보통 명사
치,NNG,보통 명사
베스트,NNG,보통 명사
신과,NNG,보통 명사
달성,NNG,보통 명사
긴장,NNG,보통 명사
존경심,NNG,보통 명사
씬,NNG,보통 명사
표현,NNG,보통 명사
양심,NNG,보통 명사
감성,NNG,보통 명사
설,NNG,보통 명사
미안,NNG,보통 명사
캐스트,NNG,보통 명사
뒤늦게,NNG,보통 명사
명성,NNG,보통 명사
진부,NNG,보통 명사
부활,NNG,보통 명사
대,NNG,보통 명사
숙면,NNG,보통 명사
용,NNG,보통 명사
완벽,NNG,보통 명사
계속,NNG,보통 명사
비현,NNG,보통 명사
후속,NNG,보통 명사
운동장,NNG,보통 명사
등장인물,NNG,보통 명사
진지,NNG,보통 명사
가족,NNG,보통 명사
평,NNG,보통 명사
띠,NNG,보통 명사
첨,NNG,보통 명사
만이,NNG,보통 명사
마음속,NNG,보통 명사
이상,NNG,보통 명사
약제사,NNG,보통 명사
기국,NNG,보통 명사
상도,NNG,보통 명사
의미,NNG,보통 명사
기억,NNG,보통 명사
원작자,NNG,보통 명사
회피,NNG,보통 명사
실제,NNG,보통 명사
위안부,NNG,보통 명사
이,NNG,보통 명사
비교,NNG,보통 명사
기력,NNG,보통 명사
걱정,NNG,보통 명사
놈,NNG,보통 명사
비가,NNG,보통 명사
먹칠,NNG,보통 명사
물질,NNG,보통 명사
면,NNG,보통 명사
감흥,NNG,보통 명사
용맹,NNG,보통 명사
수사,NNG,보통 명사
구림,NNG,보통 명사
직업,NNG,보통 명사
범벅,NNG,보통 명사
휴지,NNG,보통 명사
오피스,NNG,보통 명사
제일,NNG,보통 명사
티비,NNG,보통 명사
코드,NNG,보통 명사
죽,NNG,보통 명사
작반,NNG,보통 명사
작위적,NNG,보통 명사
로,NNG,보통 명사
감점,NNG,보통 명사
소름,NNG,보통 명사
갱년기,NNG,보통 명사
퇴행,NNG,보통 명사
온,NNG,보통 명사
코믹,NNG,보통 명사
잔당,NNG,보통 명사
중점,NNG,보통 명사
누나,NNG,보통 명사
현,NNG,보통 명사
타지,NNG,보통 명사
백배,NNG,보통 명사
전락,NNG,보통 명사
산도,NNG,보통 명사
감상,NNG,보통 명사
노고,NNG,보통 명사
조선인,NNG,보통 명사
식,NNG,보통 명사
작가,NNG,보통 명사
피죽,NNG,보통 명사
요구,NNG,보통 명사
특유,NNG,보통 명사
스타일,NNG,보통 명사
수군,NNG,보통 명사
약간,NNG,보통 명사
함,NNG,보통 명사
전진,NNG,보통 명사
욕조,NNG,보통 명사
항,NNG,보통 명사
반도,NNG,보통 명사
볼만,NNG,보통 명사
시사회,NNG,보통 명사
지금,NNG,보통 명사
오랑캐,NNG,보통 명사
표절,NNG,보통 명사
하루,NNG,보통 명사
마지막,NNG,보통 명사
원맥,NNG,보통 명사
색,NNG,보통 명사
용서,NNG,보통 명사
상상,NNG,보통 명사
기승,NNG,보통 명사
옥이,NNG,보통 명사
일어,NNG,보통 명사
량,NNG,보통 명사
엔딩,NNG,보통 명사
프로,NNG,보통 명사
작인,NNG,보통 명사
밤,NNG,보통 명사
작전,NNG,보통 명사
전작,NNG,보통 명사
모자,NNG,보통 명사
국민,NNG,보통 명사
스트레스,NNG,보통 명사
급감,NNG,보통 명사
불가,NNG,보통 명사
국내,NNG,보통 명사
체,NNG,보통 명사
무대,NNG,보통 명사
고통,NNG,보통 명사
밖,NNG,보통 명사
류,NNG,보통 명사
취향,NNG,보통 명사
방의,NNG,보통 명사
억지,NNG,보통 명사
포인트,NNG,보통 명사
발,NNG,보통 명사
정도,NNG,보통 명사
떼,NNG,보통 명사
며칠,NNG,보통 명사
인상,NNG,보통 명사
조절,NNG,보통 명사
수가,NNG,보통 명사
나태,NNG,보통 명사
방법,NNG,보통 명사
완성도,NNG,보통 명사
보이,NNG,보통 명사
루지,NNG,보통 명사
바,NNG,보통 명사
의,NNG,보통 명사
필요,NNG,보통 명사
최악,NNG,보통 명사
뒤통수,NNG,보통 명사
극중,NNG,보통 명사
효도,NNG,보통 명사
갓,NNG,보통 명사
선택,NNG,보통 명사
있음,NNG,보통 명사
다음,NNG,보통 명사
정상인,NNG,보통 명사
주입,NNG,보통 명사
유일,NNG,보통 명사
한산,NNG,보통 명사
수식어,NNG,보통 명사
아버지,NNG,보통 명사
살인,NNG,보통 명사
오버,NNG,보통 명사
투신,NNG,보통 명사
한국사,NNG,보통 명사
어린이,NNG,보통 명사
배,NNG,보통 명사
모,NNG,보통 명사
틈바구니,NNG,보통 명사
분,NNG,보통 명사
열연,NNG,보통 명사
역사,NNG,보통 명사
겁,NNG,보통 명사
공포,NNG,보통 명사
치킨,NNG,보통 명사
아래,NNG,보통 명사
여자,NNG,보통 명사
소재,NNG,보통 명사
개연성,NNG,보통 명사
이순,NNG,보통 명사
결정판,NNG,보통 명사
웃기,NNG,보통 명사
질려,NNG,보통 명사
활,NNG,보통 명사
고,NNG,보통 명사
모독,NNG,보통 명사
요인,NNG,보통 명사
회오리,NNG,보통 명사
말,NNG,보통 명사
아저씨,NNG,보통 명사
소,NNG,보통 명사
실천,NNG,보통 명사
후손,NNG,보통 명사
대결,NNG,보통 명사
공식,NNG,보통 명사
옛날,NNG,보통 명사
가도,NNG,보통 명사
넷,NNG,보통 명사
전체,NNG,보통 명사
감사,NNG,보통 명사
초등,NNG,보통 명사
당,NNG,보통 명사
목,NNG,보통 명사
김,NNG,보통 명사
참담,NNG,보통 명사
세,NNG,보통 명사
수구,NNG,보통 명사
밥솥,NNG,보통 명사
왕국,NNG,보통 명사
다구,NNG,보통 명사
스토브,NNG,보통 명사
화포,NNG,보통 명사
경악,NNG,보통 명사
레,NNG,보통 명사
추석,NNG,보통 명사
싸움,NNG,보통 명사
배가,NNG,보통 명사
리치,NNG,보통 명사
명,NNG,보통 명사
블록버스터,NNG,보통 명사
베테랑,NNG,보통 명사
과도,NNG,보통 명사
승,NNG,보통 명사
충신,NNG,보통 명사
내가,NNG,보통 명사
주간,NNG,보통 명사
충격,NNG,보통 명사
선,NNG,보통 명사
기적,NNG,보통 명사
ㄴ,NNG,보통 명사
장,NNG,보통 명사
카타르시스,NNG,보통 명사
고양,NNG,보통 명사
신경,NNG,보통 명사
모두,NNG,보통 명사
대왕,NNG,보통 명사
업적,NNG,보통 명사
극,NNG,보통 명사
답,NNG,보통 명사
형사,NNG,보통 명사
히,NNG,보통 명사
편,NNG,보통 명사
코미디,NNG,보통 명사
소리,NNG,보통 명사
닭,NNG,보통 명사
거지,NNG,보통 명사
중독,NNG,보통 명사
병기,NNG,보통 명사
여태,NNG,보통 명사
범죄,NNG,보통 명사
보시기,NNG,보통 명사
눈살,NNG,보통 명사
상업적,NNG,보통 명사
우리나라,NNG,보통 명사
관록,NNG,보통 명사
각본,NNG,보통 명사
대한민국,NNG,보통 명사
가요,NNG,보통 명사
불매,NNG,보통 명사
남자,NNG,보통 명사
컨텐츠,NNG,보통 명사
뒤,NNG,보통 명사
구성,NNG,보통 명사
어머니,NNG,보통 명사
여재,NNG,보통 명사
사회적,NNG,보통 명사
자체,NNG,보통 명사
척살,NNG,보통 명사
화생방,NNG,보통 명사
적인,NNG,보통 명사
국,NNG,보통 명사
감,NNG,보통 명사
실패,NNG,보통 명사
외,NNG,보통 명사
힐링,NNG,보통 명사
덕,NNG,보통 명사
나침반,NNG,보통 명사
통닭,NNG,보통 명사
인생,NNG,보통 명사
ㄹ,NNG,보통 명사
순수,NNG,보통 명사
색채,NNG,보통 명사
욕,NNG,보통 명사
피,NNG,보통 명사
반,NNG,보통 명사
미덕,NNG,보통 명사
신,NNG,보통 명사
개꿀,NNG,보통 명사
집,NNG,보통 명사
천만,NNG,보통 명사
오랫만,NNG,보통 명사
감정,NNG,보통 명사
부산항,NNG,보통 명사
인물,NNG,보통 명사
사기,NNG,보통 명사
연기,NNG,보통 명사
피붙이,NNG,보통 명사
공구,NNG,보통 명사
축하,NNG,보통 명사
품질,NNG,보통 명사
인과,NNG,보통 명사
거부감,NNG,보통 명사
제가,NNG,보통 명사
가치,NNG,보통 명사
남,NNG,보통 명사
왜놈,NNG,보통 명사
수준,NNG,보통 명사
재,NNG,보통 명사
삶,NNG,보통 명사
영화배우,NNG,보통 명사
볼,NNG,보통 명사
다수,NNG,보통 명사
판,NNG,보통 명사
고정,NNG,보통 명사
모욕,NNG,보통 명사
기,NNG,보통 명사
도전,NNG,보통 명사
갈비,NNG,보통 명사
경,NNG,보통 명사
넋,NNG,보통 명사
예상외,NNG,보통 명사
스릴러,NNG,보통 명사
사후,NNG,보통 명사
해,NNG,보통 명사
백병전,NNG,보통 명사
대변,NNG,보통 명사
ㅎ,NNG,보통 명사
절박,NNG,보통 명사
대박,NNG,보통 명사
무순,NNG,보통 명사
저력,NNG,보통 명사
자영업자,NNG,보통 명사
폭,NNG,보통 명사
뇌,NNG,보통 명사
워너비,NNG,보통 명사
통쾌,NNG,보통 명사
값,NNG,보통 명사
신파극,NNG,보통 명사
망,NNG,보통 명사
거가,NNG,보통 명사
정치적,NNG,보통 명사
장점,NNG,보통 명사
베,NNG,보통 명사
저리,NNG,보통 명사
기생충,NNG,보통 명사
고용,NNG,보통 명사
마디,NNG,보통 명사
퀄리티,NNG,보통 명사
절벽,NNG,보통 명사
세종,NNG,보통 명사
배경,NNG,보통 명사
닷,NNG,보통 명사
미수,NNG,보통 명사
증,NNG,보통 명사
키,NNG,보통 명사
연휴,NNG,보통 명사
일기,NNG,보통 명사
헛웃음,NNG,보통 명사
예,NNG,보통 명사
암울,NNG,보통 명사
병신,NNG,보통 명사
이드,NNG,보통 명사
평론,NNG,보통 명사
최소한,NNG,보통 명사
꺼,NNG,보통 명사
연출,NNG,보통 명사
선물,NNG,보통 명사
부모,NNG,보통 명사
신하,NNG,보통 명사
관점,NNG,보통 명사
독립,NNG,보통 명사
창의,NNG,보통 명사
쇼,NNG,보통 명사
한번쯤,NNG,보통 명사
준비,NNG,보통 명사
주지,NNG,보통 명사
명이,NNG,보통 명사
어색,NNG,보통 명사
지가,NNG,보통 명사
조화,NNG,보통 명사
측면,NNG,보통 명사
보스,NNG,보통 명사
반전,NNG,보통 명사
진이,NNG,보통 명사
규모,NNG,보통 명사
남발,NNG,보통 명사
무표정,NNG,보통 명사
포진,NNG,보통 명사
노래,NNG,보통 명사
시브,NNG,보통 명사
어처구니,NNG,보통 명사
도가,NNG,보통 명사
작,NNG,보통 명사
통,NNG,보통 명사
상욕,NNG,보통 명사
경수,NNG,보통 명사
ㅇ,NNG,보통 명사
배우,NNG,보통 명사
현실감,NNG,보통 명사
예전,NNG,보통 명사
관객,NNG,보통 명사
병작,NNG,보통 명사
끝,NNG,보통 명사
식이,NNG,보통 명사
통과,NNG,보통 명사
바리,NNG,보통 명사
런,NNG,보통 명사
아쉬움,NNG,보통 명사
해전,NNG,보통 명사
하아,NNG,보통 명사
버전,NNG,보통 명사
어로,NNG,보통 명사
스쿨,NNG,보통 명사
영화제,NNG,보통 명사
얘기,NNG,보통 명사
회,NNG,보통 명사
라,NNG,보통 명사
심장,NNG,보통 명사
왜곡,NNG,보통 명사
개돼지,NNG,보통 명사
전,NNG,보통 명사
일본인,NNG,보통 명사
황,NNG,보통 명사
일파,NNG,보통 명사
리뷰,NNG,보통 명사
은,NNG,보통 명사
위인,NNG,보통 명사
스케일,NNG,보통 명사
역사물,NNG,보통 명사
천당,NNG,보통 명사
해안,NNG,보통 명사
줄,NNG,보통 명사
충,NNG,보통 명사
덧칠,NNG,보통 명사
악평,NNG,보통 명사
운운,NNG,보통 명사
투지,NNG,보통 명사
시리즈,NNG,보통 명사
의문,NNG,보통 명사
역사가,NNG,보통 명사
사전,NNG,보통 명사
가슴,NNG,보통 명사
향연,NNG,보통 명사
외전,NNG,보통 명사
극찬,NNG,보통 명사
때,NNG,보통 명사
오늘날,NNG,보통 명사
팔,NNG,보통 명사
고경,NNG,보통 명사
가능,NNG,보통 명사
안무,NNG,보통 명사
검찰,NNG,보통 명사
만점,NNG,보통 명사
조폭,NNG,보통 명사
박스,NNG,보통 명사
차,NNG,보통 명사
식당,NNG,보통 명사
정신,NNG,보통 명사
영상미,NNG,보통 명사
콘서트,NNG,보통 명사
인지,NNG,보통 명사
근심,NNG,보통 명사
폭소,NNG,보통 명사
물귀신,NNG,보통 명사
자,NNG,보통 명사
급병,NNG,보통 명사
촌극,NNG,보통 명사
공부,NNG,보통 명사
애국심,NNG,보통 명사
테러,NNG,보통 명사
음,NNG,보통 명사
도입,NNG,보통 명사
좀비,NNG,보통 명사
짓,NNG,보통 명사
언니,NNG,보통 명사
때쯤,NNG,보통 명사
음악,NNG,보통 명사
타인,NNG,보통 명사
연속,NNG,보통 명사
칸,NNG,보통 명사
후반,NNG,보통 명사
병,NNG,보통 명사
아가,NNG,보통 명사
주인공,NNG,보통 명사
요나라,NNG,보통 명사
수표,NNG,보통 명사
등대,NNG,보통 명사
말로,NNG,보통 명사
르,NNG,보통 명사
가수,NNG,보통 명사
포기,NNG,보통 명사
지역,NNG,보통 명사
하단,NNG,보통 명사
돼지,NNG,보통 명사
묘사,NNG,보통 명사
랜,NNG,보통 명사
틈,NNG,보통 명사
보편적,NNG,보통 명사
편견,NNG,보통 명사
원래,NNG,보통 명사
동원,NNG,보통 명사
불륜,NNG,보통 명사
시다,NNG,보통 명사
마스트,NNG,보통 명사
영,NNG,보통 명사
전술,NNG,보통 명사
경합,NNG,보통 명사
흥행,NNG,보통 명사
후반부,NNG,보통 명사
예산,NNG,보통 명사
전반적,NNG,보통 명사
본,NNG,보통 명사
찬성,NNG,보통 명사
프랑,NNG,보통 명사
전달,NNG,보통 명사
징,NNG,보통 명사
진리,NNG,보통 명사
훈,NNG,보통 명사
아빠,NNG,보통 명사
운,NNG,보통 명사
독점,NNG,보통 명사
ㄷ,NNG,보통 명사
돈,NNG,보통 명사
장면,NNG,보통 명사
긴장감,NNG,보통 명사
어우,NNG,보통 명사
성웅,NNG,보통 명사
시나리오,NNG,보통 명사
흥행작,NNG,보통 명사
연기자,NNG,보통 명사
국가,NNG,보통 명사
경의,NNG,보통 명사
슬픔,NNG,보통 명사
구,NNG,보통 명사
정,NNG,보통 명사
집값,NNG,보통 명사
영화사,NNG,보통 명사
문화,NNG,보통 명사
다상,NNG,보통 명사
천만인,NNG,보통 명사
선방,NNG,보통 명사
예상,NNG,보통 명사
불필요,NNG,보통 명사
성과,NNG,보통 명사
이래,NNG,보통 명사
참,NNG,보통 명사
글,NNG,보통 명사
느낌,NNG,보통 명사
거랑,NNG,보통 명사
상태,NNG,보통 명사
실패작,NNG,보통 명사
마무리,NNG,보통 명사
엄마,NNG,보통 명사
부모님,NNG,보통 명사
기회,NNG,보통 명사
잠복,NNG,보통 명사
새,NNG,보통 명사
기존,NNG,보통 명사
청룡,NNG,보통 명사
화면,NNG,보통 명사
루즈,NNG,보통 명사
원작,NNG,보통 명사
방,NNG,보통 명사
코,NNG,보통 명사
계기,NNG,보통 명사
미시,NNG,보통 명사
이야기,NNG,보통 명사
포졸,NNG,보통 명사
코메디,NNG,보통 명사
단순,NNG,보통 명사
나기,NNG,보통 명사
무력,NNG,보통 명사
모습,NNG,보통 명사
오류,NNG,보통 명사
리얼,NNG,보통 명사
음향,NNG,보통 명사
유발,NNG,보통 명사
반감,NNG,보통 명사
레인저,NNG,보통 명사
도로,NNG,보통 명사
제작,NNG,보통 명사
유,NNG,보통 명사
영화화,NNG,보통 명사
티,NNG,보통 명사
관람객,NNG,보통 명사
형님,NNG,보통 명사
조상,NNG,보통 명사
자랑,NNG,보통 명사
강박,NNG,보통 명사
날,NNG,보통 명사
나들이,NNG,보통 명사
ㄱ,NNG,보통 명사
시대,NNG,보통 명사
액션,NNG,보통 명사
해병대,NNG,보통 명사
컨테이너,NNG,보통 명사
끝판,NNG,보통 명사
깨달음,NNG,보통 명사
그래픽,NNG,보통 명사
민족,NNG,보통 명사
토,NNG,보통 명사
백성,NNG,보통 명사
쉬,NNG,보통 명사
별,NNG,보통 명사
언,NNG,보통 명사
개봉,NNG,보통 명사
개국,NNG,보통 명사
조연,NNG,보통 명사
안,NNG,보통 명사
짱,NNG,보통 명사
영화,NNG,보통 명사
비장,NNG,보통 명사
처음,NNG,보통 명사
이마,NNG,보통 명사
적임,NNG,보통 명사
테마,NNG,보통 명사
환,NNG,보통 명사
물,NNG,보통 명사
연화,NNG,보통 명사
재미,NNG,보통 명사
진정,NNG,보통 명사
충격적,NNG,보통 명사
앞잡이,NNG,보통 명사
걸작,NNG,보통 명사
잼,NNG,보통 명사
상업성,NNG,보통 명사
국영,NNG,보통 명사
존재,NNG,보통 명사
각보,NNG,보통 명사
아우,NNG,보통 명사
졸작,NNG,보통 명사
팬,NNG,보통 명사
나지,NNG,보통 명사
흥분,NNG,보통 명사
성기,NNG,보통 명사
정세,NNG,보통 명사
한계,NNG,보통 명사
움,NNG,보통 명사
일,NNG,보통 명사
지형,NNG,보통 명사
한,NNG,보통 명사
임,NNG,보통 명사
함해,NNG,보통 명사
근래,NNG,보통 명사
거실,NNG,보통 명사
즙,NNG,보통 명사
취한,NNG,보통 명사
요도,NNG,보통 명사
예고편,NNG,보통 명사
근무,NNG,보통 명사
성해,NNG,보통 명사
ㅈ,NNG,보통 명사
총질,NNG,보통 명사
지도,NNG,보통 명사
고소,NNG,보통 명사
지식,NNG,보통 명사
지능,NNG,보통 명사
초반,NNG,보통 명사
탑,NNG,보통 명사
올해,NNG,보통 명사
실적,NNG,보통 명사
작용,NNG,보통 명사
밑,NNG,보통 명사
슬로우,NNG,보통 명사
누더기,NNG,보통 명사
덕분,NNG,보통 명사
조금,NNG,보통 명사
울기,NNG,보통 명사
엿,NNG,보통 명사
진심,NNG,보통 명사
새해,NNG,보통 명사
보검,NNG,보통 명사
유익,NNG,보통 명사
다양,NNG,보통 명사
땀,NNG,보통 명사
나름,NNG,보통 명사
점,NNG,보통 명사
면목,NNG,보통 명사
멘트,NNG,보통 명사
주기,NNG,보통 명사
이용,NNG,보통 명사
이지만,NNG,보통 명사
납득,NNG,보통 명사
부족,NNG,보통 명사
신선,NNG,보통 명사
질문,NNG,보통 명사
만화,NNG,보통 명사
충이,NNG,보통 명사
등장,NNG,보통 명사
평생,NNG,보통 명사
사극,NNG,보통 명사
힘,NNG,보통 명사
물불,NNG,보통 명사
흙,NNG,보통 명사
결,NNG,보통 명사
광복절,NNG,보통 명사
보십,NNG,보통 명사
맛깔,NNG,보통 명사
평점,NNG,보통 명사
빈약,NNG,보통 명사
감각,NNG,보통 명사
침,NNG,보통 명사
빛,NNG,보통 명사
눈앞,NNG,보통 명사
보임,NNG,보통 명사
세상,NNG,보통 명사
나도,NNG,보통 명사
평가,NNG,보통 명사
일본어,NNG,보통 명사
파괴,NNG,보통 명사
미스,NNG,보통 명사
얼굴,NNG,보통 명사
전통문화,NNG,보통 명사
예능,NNG,보통 명사
업계,NNG,보통 명사
왕,NNG,보통 명사
일본,NNG,보통 명사
개그,NNG,보통 명사
커버,NNG,보통 명사
유행어,NNG,보통 명사
톤,NNG,보통 명사
충무공,NNG,보통 명사
고어,NNG,보통 명사
이순신,NNG,보통 명사
과대평가,NNG,보통 명사
이즈,NNG,보통 명사
반성,NNG,보통 명사
손,NNG,보통 명사
올드,NNG,보통 명사
오열,NNG,보통 명사
박해,NNG,보통 명사
덩이,NNG,보통 명사
한국,NNG,보통 명사
와이,NNG,보통 명사
애국,NNG,보통 명사
무신론자,NNG,보통 명사
내기,NNG,보통 명사
전개,NNG,보통 명사
무작정,NNG,보통 명사
보,NNG,보통 명사
외국,NNG,보통 명사
지,NNG,보통 명사
바탕,NNG,보통 명사
스펙타클,NNG,보통 명사
정서적,NNG,보통 명사
장수,NNG,보통 명사
사람,NNG,보통 명사
빈틈,NNG,보통 명사
함포,NNG,보통 명사
극한,NNG,보통 명사
맥락,NNG,보통 명사
뒷골목,NNG,보통 명사
만,NNG,보통 명사
졸,NNG,보통 명사
당시,NNG,보통 명사
절,NNG,보통 명사
나의,NNG,보통 명사
확인,NNG,보통 명사
칼,NNG,보통 명사
특선,NNG,보통 명사
라마,NNG,보통 명사
심청,NNG,보통 명사
이제,NNG,보통 명사
바다,NNG,보통 명사
허망,NNG,보통 명사
모성애,NNG,보통 명사
자신,NNG,보통 명사
재평가,NNG,보통 명사
찰떡,NNG,보통 명사
호스,NNG,보통 명사
집중력,NNG,보통 명사
영화계,NNG,보통 명사
아,NNG,보통 명사
화가,NNG,보통 명사
반증,NNG,보통 명사
기가,NNG,보통 명사
계실,NNG,보통 명사
맨,NNG,보통 명사
중후반,NNG,보통 명사
장르,NNG,보통 명사
찬양,NNG,보통 명사
인위적,NNG,보통 명사
탄생,NNG,보통 명사
실력,NNG,보통 명사
아이,NNG,보통 명사
전쟁,NNG,보통 명사
인건,NNG,보통 명사
전형,NNG,보통 명사
꿈,NNG,보통 명사
로스트,NNG,보통 명사
건,NNG,보통 명사
입도,NNG,보통 명사
립,NNG,보통 명사
신파,NNG,보통 명사
장군님,NNG,보통 명사
낙태,NNG,보통 명사
삼위일체,NNG,보통 명사
길,NNG,보통 명사
도경,NNG,보통 명사
감동,NNG,보통 명사
대도,NNG,보통 명사
주관적,NNG,보통 명사
노,NNG,보통 명사
집중,NNG,보통 명사
집약,NNG,보통 명사
곽,NNG,보통 명사
의심,NNG,보통 명사
대작,NNG,보통 명사
닭살,NNG,보통 명사
도랏,NNG,보통 명사
이면서,NNG,보통 명사
토끼,NNG,보통 명사
중국,NNG,보통 명사
시도,NNG,보통 명사
후반전,NNG,보통 명사
개원,NNG,보통 명사
임진왜란,NNG,보통 명사
만큼,NNG,보통 명사
과하,NNG,보통 명사
난중,NNG,보통 명사
중한,NNG,보통 명사
알바,NNG,보통 명사
단언,NNG,보통 명사
물이,NNG,보통 명사
치한,NNG,보통 명사
몰입,NNG,보통 명사
최상,NNG,보통 명사
조선,NNG,보통 명사
세련,NNG,보통 명사
필수,NNG,보통 명사
저글,NNG,보통 명사
이유,NNG,보통 명사
비급,NNG,보통 명사
커플,NNG,보통 명사
첨단,NNG,보통 명사
영허,NNG,보통 명사
마라,NNG,보통 명사
스크린,NNG,보통 명사
인민,NNG,보통 명사
죽음,NNG,보통 명사
인지도,NNG,보통 명사
점대,NNG,보통 명사
주호,NNG,보통 명사
작렬,NNG,보통 명사
속편,NNG,보통 명사
구국,NNG,보통 명사
원한,NNG,보통 명사
평소,NNG,보통 명사
공산당,NNG,보통 명사
요소,NNG,보통 명사
강,NNG,보통 명사
화려,NNG,보통 명사
회의,NNG,보통 명사
여난,NNG,보통 명사
모어,NNG,보통 명사
체험,NNG,보통 명사
효과,NNG,보통 명사
민심,NNG,보통 명사
제대,NNG,보통 명사
재앙,NNG,보통 명사
단점,NNG,보통 명사
죄,NNG,보통 명사
명줄,NNG,보통 명사
치사량,NNG,보통 명사
정인,NNG,보통 명사
남용,NNG,보통 명사
악감정,NNG,보통 명사
셈,NNG,보통 명사
사,NNG,보통 명사
귀신,NNG,보통 명사
리더,NNG,보통 명사
나라,NNG,보통 명사
고증,NNG,보통 명사
법정,NNG,보통 명사
작품,NNG,보통 명사
천행,NNG,보통 명사
겨울,NNG,보통 명사
과장,NNG,보통 명사
벌,NNG,보통 명사
역적,NNG,보통 명사
광고,NNG,보통 명사
각성,NNG,보통 명사
한편,NNG,보통 명사
신화,NNG,보통 명사
기술,NNG,보통 명사
주신,NNG,보통 명사
내서,NNG,보통 명사
지수,NNG,보통 명사
펄,NNG,보통 명사
정돈,NNG,보통 명사
함의,NNG,보통 명사
니들,NNG,보통 명사
설정,NNG,보통 명사
줌,NNG,보통 명사
희망,NNG,보통 명사
나한,NNG,보통 명사
확신,NNG,보통 명사
진선,NNG,보통 명사
생,NNG,보통 명사
가정,NNG,보통 명사
두려움,NNG,보통 명사
명품,NNG,보통 명사
내,NNG,보통 명사
공중파,NNG,보통 명사
다소,NNG,보통 명사
탄산음료,NNG,보통 명사
속,NNG,보통 명사
착각,NNG,보통 명사
목적,NNG,보통 명사
마음,NNG,보통 명사
행운,NNG,보통 명사
ㅅ,NNG,보통 명사
지진,NNG,보통 명사
템플,NNG,보통 명사
젤,NNG,보통 명사
개인적,NNG,보통 명사
문제,NNG,보통 명사
비호,NNG,보통 명사
교환,NNG,보통 명사
한번,NNG,보통 명사
내고,NNG,보통 명사
드라마,NNG,보통 명사
삼류,NNG,보통 명사
쪽,NNG,보통 명사
고명,NNG,보통 명사
순위,NNG,보통 명사
패,NNG,보통 명사
선과,NNG,보통 명사
캐스팅,NNG,보통 명사
난무,NNG,보통 명사
상공인,NNG,보통 명사
극적,NNG,보통 명사
사수,NNG,보통 명사
지적,NNG,보통 명사
묘미,NNG,보통 명사
보고,NNG,보통 명사
보라,NNG,보통 명사
팩,NNG,보통 명사
진짜,NNG,보통 명사
획,NNG,보통 명사
방하,NNG,보통 명사
롤,NNG,보통 명사
은혜,NNG,보통 명사
수,NNG,보통 명사
영화판,NNG,보통 명사
동력,NNG,보통 명사
새끼,NNG,보통 명사
승리,NNG,보통 명사
교과서,NNG,보통 명사
골,NNG,보통 명사
카피,NNG,보통 명사
현충일,NNG,보통 명사
감수,NNG,보통 명사
비,NNG,보통 명사
오랜만,NNG,보통 명사
기본적,NNG,보통 명사
와중,NNG,보통 명사
관계자,NNG,보통 명사
링,NNG,보통 명사
교수님,NNG,보통 명사
장엄,NNG,보통 명사
숨,NNG,보통 명사
엔드,NNG,보통 명사
불구,NNG,보통 명사
중간,NNG,보통 명사
굿,NNG,보통 명사
초중반,NNG,보통 명사
우,NNG,보통 명사
사운드,NNG,보통 명사
감명,NNG,보통 명사
복,NNG,보통 명사
고학년,NNG,보통 명사
부녀,NNG,보통 명사
요,NNG,보통 명사
매력적,NNG,보통 명사
대첩,NNG,보통 명사
누,NNG,보통 명사
마지,NNG,보통 명사
후편,NNG,보통 명사
한마디,NNG,보통 명사
노골적,NNG,보통 명사
시각,NNG,보통 명사
표시,NNG,보통 명사
전이,NNG,보통 명사
뻔,NNG,보통 명사
후,NNG,보통 명사
연,NNG,보통 명사
머리,NNG,보통 명사
관람,NNG,보통 명사
전반전,NNG,보통 명사
최상급,NNG,보통 명사
못,NNG,보통 명사
연기력,NNG,보통 명사
한국인,NNG,보통 명사
미디,NNG,보통 명사
시종일관,NNG,보통 명사
실화,NNG,보통 명사
보물,NNG,보통 명사
산,NNG,보통 명사
불,NNG,보통 명사
무시,NNG,보통 명사
형,NNG,보통 명사
뻥,NNG,보통 명사
운동,NNG,보통 명사
조선족,NNG,보통 명사
현실성,NNG,보통 명사
수씨,NNG,보통 명사
점도,NNG,보통 명사
만세,NNG,보통 명사
방울,NNG,보통 명사
기한,NNG,보통 명사
리그,NNG,보통 명사
파워,NNG,보통 명사
거보,NNG,보통 명사
표본,NNG,보통 명사
눈,NNG,보통 명사
무게,NNG,보통 명사
매국노,NNG,보통 명사
소모,NNG,보통 명사
국산,NNG,보통 명사
이하,NNG,보통 명사
거품,NNG,보통 명사
공짜,NNG,보통 명사
덩어리,NNG,보통 명사
하나,NNG,보통 명사
오,NNG,보통 명사
들,NNG,보통 명사
관심,NNG,보통 명사
다작,NNG,보통 명사
카드,NNG,보통 명사
양념,NNG,보통 명사
서울,NNG,보통 명사
왜구,NNG,보통 명사
막골,NNG,보통 명사
수작,NNG,보통 명사
부패,NNG,보통 명사
아픔,NNG,보통 명사
성공,NNG,보통 명사
합,NNG,보통 명사
인,NNG,보통 명사
데,NNG,보통 명사
동물,NNG,보통 명사
임인,NNG,보통 명사
한참,NNG,보통 명사
예술,NNG,보통 명사
단어,NNG,보통 명사
최고,NNG,보통 명사
라인,NNG,보통 명사
자씨,NNG,보통 명사
자식,NNG,보통 명사
순,NNG,보통 명사
퇴보,NNG,보통 명사
사분,NNG,보통 명사
기준,NNG,보통 명사
범인,NNG,보통 명사
주고,NNG,보통 명사
별의,NNG,보통 명사
포장,NNG,보통 명사
출근,NNG,보통 명사
상,NNG,보통 명사
군더더기,NNG,보통 명사
빵,NNG,보통 명사
시작,NNG,보통 명사
허구,NNG,보통 명사
분위기,NNG,보통 명사
진과,NNG,보통 명사
요즘,NNG,보통 명사
전술적,NNG,보통 명사
통일성,NNG,보통 명사
초,NNG,보통 명사
홍,NNG,보통 명사
이상한,NNG,보통 명사
고민,NNG,보통 명사
사도,NNG,보통 명사
정이,NNG,보통 명사
안됨,NNG,보통 명사
승부,NNG,보통 명사
문,NNG,보통 명사
대체,NNG,보통 명사
어거지,NNG,보통 명사
고생,NNG,보통 명사
마을,NNG,보통 명사
호평,NNG,보통 명사
하정,NNG,보통 명사
조분,NNG,보통 명사
로그,NNG,보통 명사
민의,NNG,보통 명사
보증,NNG,보통 명사
시간,NNM,단위 의존 명사
자,NNM,단위 의존 명사
점,NNM,단위 의존 명사
건,NNM,단위 의존 명사
위,NNM,단위 의존 명사
분,NNM,단위 의존 명사
대,NNM,단위 의존 명사
편,NNM,단위 의존 명사
평,NNM,단위 의존 명사
만큼,NNM,단위 의존 명사
간,NNM,단위 의존 명사
번,NNM,단위 의존 명사
냥,NNM,단위 의존 명사
척,NNM,단위 의존 명사
차,NNM,단위 의존 명사
월,NNM,단위 의존 명사
개,NNM,단위 의존 명사
년,NNM,단위 의존 명사
명,NNM,단위 의존 명사
마리,NNM,단위 의존 명사
릴,NNM,단위 의존 명사
님,NNM,단위 의존 명사
옴,NNM,단위 의존 명사
기,NNM,단위 의존 명사
짐,NNM,단위 의존 명사
년대,NNM,단위 의존 명사
일,NNM,단위 의존 명사
회,NNM,단위 의존 명사
임동,NNP,고유 명사
네이버,NNP,고유 명사
하다,NNP,고유 명사
최,NNP,고유 명사
모름,NNP,고유 명사
컴,NNP,고유 명사
하면,NNP,고유 명사
존,NNP,고유 명사
하라,NNP,고유 명사
할리우드,NNP,고유 명사
수동,NNP,고유 명사
러,NNP,고유 명사
토네이도,NNP,고유 명사
라니,NNP,고유 명사
동강,NNP,고유 명사
모든,NNP,고유 명사
우도,NNP,고유 명사
해보면,NNP,고유 명사
김동욱,NNP,고유 명사
기흥,NNP,고유 명사
남강,NNP,고유 명사
진도,NNP,고유 명사
다가,NNP,고유 명사
파크,NNP,고유 명사
선동,NNP,고유 명사
이건,NNP,고유 명사
잘만,NNP,고유 명사
다큐,NNP,고유 명사
다나,NNP,고유 명사
태현,NNP,고유 명사
원동,NNP,고유 명사
세요,NNP,고유 명사
니,NP,대명사
그것,NP,대명사
뭐,NP,대명사
여기,NP,대명사
누구,NP,대명사
그거,NP,대명사
무엇,NP,대명사
누군가,NP,대명사
나,NP,대명사
저,NP,대명사
어디,NP,대명사
거기,NP,대명사
너,NP,대명사
이것,NP,대명사
머,NP,대명사
그놈,NP,대명사
내,NP,대명사
당신,NP,대명사
저희,NP,대명사
그대,NP,대명사
그,NP,대명사
이거,NP,대명사
이,NP,대명사
우리,NP,대명사
자기,NP,대명사
저분,NP,대명사
백,NR,수사
천,NR,수사
0,NR,수사
2014,NR,수사
오십,NR,수사
50,NR,수사
815,NR,수사
10,NR,수사
다섯,NR,수사
34,NR,수사
마흔,NR,수사
2,NR,수사
92,NR,수사
88,NR,수사
오,NR,수사
조,NR,수사
하나,NR,수사
십,NR,수사
8,NR,수사
4,NR,수사
200,NR,수사
서른,NR,수사
1600,NR,수사
스물,NR,수사
23,NR,수사
1400,NR,수사
2021,NR,수사
5,NR,수사
1000,NR,수사
1,NR,수사
만,NR,수사
9,NR,수사
170,NR,수사
모,NR,수사
둘,NR,수사
31,NR,수사
1997,NR,수사
12,NR,수사
1761,NR,수사
억,NR,수사
90,NR,수사
99,NR,수사
댓,NR,수사
330,NR,수사
00,NR,수사
7,NR,수사
둘째,NR,수사
111,NR,수사
67,NR,수사
1700,NR,수사
1800,NR,수사
20,NR,수사
3,NR,수사
300,NR,수사
천만,NR,수사
140803,NR,수사
6,NR,수사
첫째,NR,수사
180113,NR,수사
100,NR,수사
겐,UN,명사 추정 범주
리더쉽위기,UN,명사 추정 범주
슬펏어,UN,명사 추정 범주
뤘를,UN,명사 추정 범주
눈데,UN,명사 추정 범주
랄,UN,명사 추정 범주
녕,UN,명사 추정 범주
프,UN,명사 추정 범주
플릭스,UN,명사 추정 범주
뮤,UN,명사 추정 범주
훌룡,UN,명사 추정 범주
ㅉㅂ,UN,명사 추정 범주
웃길려,UN,명사 추정 범주
소린자,UN,명사 추정 범주
쌩,UN,명사 추정 범주
울릴려,UN,명사 추정 범주
짴,UN,명사 추정 범주
웟네,UN,명사 추정 범주
린,UN,명사 추정 범주
릭,UN,명사 추정 범주
플,UN,명사 추정 범주
뿜뿜,UN,명사 추정 범주
치트키,UN,명사 추정 범주
있음,UN,명사 추정 범주
믿거,UN,명사 추정 범주
전드,UN,명사 추정 범주
쓰렉,UN,명사 추정 범주
함글,UN,명사 추정 범주
빠졋,UN,명사 추정 범주
이야코미,UN,명사 추정 범주
뇨나라,UN,명사 추정 범주
밌,UN,명사 추정 범주
웟,UN,명사 추정 범주
많타,UN,명사 추정 범주
딕션,UN,명사 추정 범주
으,UN,명사 추정 범주
휴,UN,명사 추정 범주
크으,UN,명사 추정 범주
택,UN,명사 추정 범주
즈,UN,명사 추정 범주
개쩐,UN,명사 추정 범주
펏,UN,명사 추정 범주
프넹,UN,명사 추정 범주
거잖,UN,명사 추정 범주
넷플,UN,명사 추정 범주
욬,UN,명사 추정 범주
떳,UN,명사 추정 범주
혜,UN,명사 추정 범주
버드,UN,명사 추정 범주
딩,UN,명사 추정 범주
ㅉㅉ,UN,명사 추정 범주
귯,UN,명사 추정 범주
작가님이,UN,명사 추정 범주
규,UN,명사 추정 범주
봣지,UN,명사 추정 범주
해야,UN,명사 추정 범주
가능,UN,명사 추정 범주
스토리텔링,UN,명사 추정 범주
ㅌ,UN,명사 추정 범주
넷플릭스,UN,명사 추정 범주
룡,UN,명사 추정 범주
ㄴ무재밌게,UN,명사 추정 범주
봣어,UN,명사 추정 범주
집중할려,UN,명사 추정 범주
뽕버,UN,명사 추정 범주
응,UN,명사 추정 범주
에휴,UN,명사 추정 범주
중이따뻉반,UN,명사 추정 범주
살아야겠다,UN,명사 추정 범주
밋,UN,명사 추정 범주
보스는,UN,명사 추정 범주
굳굳,UN,명사 추정 범주
꾸울,UN,명사 추정 범주
쨩,UN,명사 추정 범주
쯧,UN,명사 추정 범주
왤,UN,명사 추정 범주
됬네,UN,명사 추정 범주
크킄크,UN,명사 추정 범주
가에,UN,명사 추정 범주
웠,UN,명사 추정 범주
죠센,UN,명사 추정 범주
뭉,UN,명사 추정 범주
나웃,UN,명사 추정 범주
름,UN,명사 추정 범주
륵,UN,명사 추정 범주
왓챠,UN,명사 추정 범주
얘,UN,명사 추정 범주
내었,UN,명사 추정 범주
많하,UN,명사 추정 범주
작ㅇ,UN,명사 추정 범주
불맞,UN,명사 추정 범주
엑시트,UN,명사 추정 범주
디가,UN,명사 추정 범주
류승룡,UN,명사 추정 범주
효도해야겠네,UN,명사 추정 범주
툰,UN,명사 추정 범주
퀄,UN,명사 추정 범주
르겄,UN,명사 추정 범주
츄,UN,명사 추정 범주
첬,UN,명사 추정 범주
빡,UN,명사 추정 범주
있고,UN,명사 추정 범주
그럴려,UN,명사 추정 범주
늨,UN,명사 추정 범주
봣,UN,명사 추정 범주
낟,UN,명사 추정 범주
ㅄ,UN,명사 추정 범주
팩트,UN,명사 추정 범주
티빙으,UN,명사 추정 범주
우래,UN,명사 추정 범주
웃낌,UN,명사 추정 범주
훌룡합니,UN,명사 추정 범주
각되,UN,명사 추정 범주
피규어,UN,명사 추정 범주
연기를,UN,명사 추정 범주
다크,UN,명사 추정 범주
똘만,UN,명사 추정 범주
살아야겠네,UN,명사 추정 범주
타이타닉,UN,명사 추정 범주
샤키,UN,명사 추정 범주
티비나넷플로,UN,명사 추정 범주
높음옶나,UN,명사 추정 범주
웹툰,UN,명사 추정 범주
있으,UN,명사 추정 범주
워,UN,명사 추정 범주
라기,UN,명사 추정 범주
눙,UN,명사 추정 범주
ㅉ,UN,명사 추정 범주
ㅅㄲ들,UN,명사 추정 범주
ㅋ,UN,명사 추정 범주
찐으,UN,명사 추정 범주
ㅉㅉ어이구병헌,UN,명사 추정 범주
먹도ㅋ,UN,명사 추정 범주
셰,UN,명사 추정 범주
꼽찢,UN,명사 추정 범주
오잖,UN,명사 추정 범주
어캐천만,UN,명사 추정 범주
꾸덕,UN,명사 추정 범주
ㄲ,UN,명사 추정 범주
재밋어,UN,명사 추정 범주
찾,VA,형용사
과하,VA,형용사
즐겁,VA,형용사
달르,VA,형용사
괜찮,VA,형용사
답,VA,형용사
옳,VA,형용사
놀랍,VA,형용사
너그럽,VA,형용사
아깝,VA,형용사
편하,VA,형용사
까다롭,VA,형용사
힘들,VA,형용사
그,VA,형용사
어리,VA,형용사
없다,VA,형용사
되,VA,형용사
뻔하,VA,형용사
멋들어지,VA,형용사
빠르,VA,형용사
낫,VA,형용사
역겹,VA,형용사
애처롭,VA,형용사
나쁘,VA,형용사
드럽,VA,형용사
찰지,VA,형용사
지긋지긋하,VA,형용사
쓸데없,VA,형용사
짙,VA,형용사
못하,VA,형용사
싫,VA,형용사
벌,VA,형용사
엄청나,VA,형용사
없,VA,형용사
어떻,VA,형용사
크,VA,형용사
재미있,VA,형용사
가깝,VA,형용사
멋지,VA,형용사
작,VA,형용사
안타깝,VA,형용사
높,VA,형용사
뛰어나,VA,형용사
약하,VA,형용사
깊,VA,형용사
없잖,VA,형용사
웃,VA,형용사
바쁘,VA,형용사
가볍,VA,형용사
아쉽,VA,형용사
맛있,VA,형용사
궁금하,VA,형용사
낮,VA,형용사
같잖,VA,형용사
어둡,VA,형용사
흔하,VA,형용사
길,VA,형용사
아프,VA,형용사
저렇,VA,형용사
슬프,VA,형용사
진하,VA,형용사
멀,VA,형용사
뜬금없,VA,형용사
멋있,VA,형용사
같,VA,형용사
어설프,VA,형용사
쉽,VA,형용사
어렵,VA,형용사
심하,VA,형용사
자,VA,형용사
매끄럽,VA,형용사
늦,VA,형용사
뜨겁,VA,형용사
흐리,VA,형용사
귀엽,VA,형용사
그렇,VA,형용사
벅차,VA,형용사
짠하,VA,형용사
좁,VA,형용사
새롭,VA,형용사
다르,VA,형용사
쎄,VA,형용사
더럽,VA,형용사
색다르,VA,형용사
이렇,VA,형용사
추하,VA,형용사
착하,VA,형용사
재미없,VA,형용사
뒤늦,VA,형용사
찡하,VA,형용사
많,VA,형용사
재밌,VA,형용사
끝없,VA,형용사
오,VA,형용사
그럴싸하,VA,형용사
무겁,VA,형용사
좋,VA,형용사
아니,VCN,"부정 지정사, 형용사(아니다)"
이,VCP,"긍정 지정사, 서술격 조사(이다)"
엄청나,VV,동사
살,VV,동사
돌리,VV,동사
다하,VV,동사
되새기,VV,동사
얻,VV,동사
지나,VV,동사
박,VV,동사
그,VV,동사
드시,VV,동사
끊이,VV,동사
자,VV,동사
싸우,VV,동사
쭐,VV,동사
들이,VV,동사
팔아먹,VV,동사
바치,VV,동사
띠,VV,동사
끝,VV,동사
재미나,VV,동사
뛰,VV,동사
버무리,VV,동사
평하,VV,동사
꼬이,VV,동사
넘어가,VV,동사
늘,VV,동사
맘놓,VV,동사
꼽,VV,동사
착하,VV,동사
몰,VV,동사
대,VV,동사
치들,VV,동사
느,VV,동사
없애,VV,동사
극하,VV,동사
몰려오,VV,동사
돕,VV,동사
입,VV,동사
가져가,VV,동사
구하,VV,동사
여기,VV,동사
매기,VV,동사
째,VV,동사
뜨,VV,동사
치,VV,동사
섞,VV,동사
나,VV,동사
쌔,VV,동사
찢,VV,동사
훌쩍거리,VV,동사
조,VV,동사
없,VV,동사
닥치,VV,동사
힘내,VV,동사
키,VV,동사
돌아가,VV,동사
꺼,VV,동사
저,VV,동사
일,VV,동사
쏘,VV,동사
가이,VV,동사
줄,VV,동사
혼나,VV,동사
끝나,VV,동사
때,VV,동사
팔,VV,동사
와닿,VV,동사
서리,VV,동사
생기,VV,동사
알리,VV,동사
띄,VV,동사
돋,VV,동사
삼가하,VV,동사
깨닫,VV,동사
놀라,VV,동사
갈,VV,동사
기리,VV,동사
이어지,VV,동사
살리,VV,동사
놓,VV,동사
감하,VV,동사
무찌르,VV,동사
가리,VV,동사
받으,VV,동사
득실대,VV,동사
일하,VV,동사
취하,VV,동사
낳,VV,동사
즐기,VV,동사
겹치,VV,동사
잘하,VV,동사
말,VV,동사
지키,VV,동사
벌어,VV,동사
않,VV,동사
떨어뜨리,VV,동사
있,VV,동사
웃기,VV,동사
배우,VV,동사
때리,VV,동사
올라가,VV,동사
만하,VV,동사
감,VV,동사
몰아치,VV,동사
움직이,VV,동사
싫어하,VV,동사
만들,VV,동사
넘,VV,동사
덜,VV,동사
쳐들어오,VV,동사
빠지,VV,동사
늘어지,VV,동사
어리,VV,동사
걸리,VV,동사
알려주,VV,동사
내리,VV,동사
아프,VV,동사
번쩍거리,VV,동사
찍,VV,동사
아니,VV,동사
세우,VV,동사
위하,VV,동사
알,VV,동사
몰르,VV,동사
겪,VV,동사
믿,VV,동사
떠나,VV,동사
오글거리,VV,동사
저러,VV,동사
망치,VV,동사
화나,VV,동사
어쩌,VV,동사
오래되,VV,동사
이,VV,동사
앗,VV,동사
두르,VV,동사
뿔,VV,동사
보,VV,동사
베끼,VV,동사
들,VV,동사
원하,VV,동사
올려치,VV,동사
잠들,VV,동사
잇,VV,동사
내,VV,동사
잃,VV,동사
땋,VV,동사
누그러지,VV,동사
소리치,VV,동사
타,VV,동사
불,VV,동사
주,VV,동사
울리,VV,동사
질리,VV,동사
못하,VV,동사
이기,VV,동사
멈추,VV,동사
비하,VV,동사
아,VV,동사
잘생기,VV,동사
찧,VV,동사
지,VV,동사
자아내,VV,동사
죄짓,VV,동사
연달,VV,동사
맛보,VV,동사
쥐어짜,VV,동사
따라가,VV,동사
끄,VV,동사
막히,VV,동사
시작하,VV,동사
쥑이,VV,동사
끼,VV,동사
흔들,VV,동사
죽이,VV,동사
스,VV,동사
이끌어내,VV,동사
두,VV,동사
웃,VV,동사
터트리,VV,동사
혀,VV,동사
뽑,VV,동사
인하,VV,동사
벅차오르,VV,동사
떨어지,VV,동사
싸이,VV,동사
오그라들,VV,동사
거리,VV,동사
기다리,VV,동사
질,VV,동사
긷,VV,동사
졸,VV,동사
듣,VV,동사
채우,VV,동사
하,VV,동사
맨들,VV,동사
짜내,VV,동사
만나,VV,동사
만,VV,동사
되,VV,동사
섞이,VV,동사
박히,VV,동사
욕하,VV,동사
들어가,VV,동사
었,VV,동사
빨,VV,동사
긋,VV,동사
찾아보,VV,동사
그리하,VV,동사
누르,VV,동사
겹,VV,동사
해보,VV,동사
다가오,VV,동사
금하,VV,동사
담기,VV,동사
깍,VV,동사
깨,VV,동사
나오,VV,동사
보시,VV,동사
드이,VV,동사
뜨리,VV,동사
구르,VV,동사
벌,VV,동사
넣,VV,동사
다녀오,VV,동사
알아보,VV,동사
드러나,VV,동사
흘리,VV,동사
올라오,VV,동사
처먹,VV,동사
건제하,VV,동사
먹,VV,동사
동이,VV,동사
뽑아내,VV,동사
걸,VV,동사
그러,VV,동사
어떡하,VV,동사
웨,VV,동사
치솟,VV,동사
힘들,VV,동사
바뀌,VV,동사
묻히,VV,동사
남기,VV,동사
생각나,VV,동사
커,VV,동사
가지,VV,동사
찌뿌리,VV,동사
트이,VV,동사
삼키,VV,동사
후려치,VV,동사
젖,VV,동사
팔리,VV,동사
맞,VV,동사
카,VV,동사
해지,VV,동사
가,VV,동사
잡,VV,동사
떨,VV,동사
토하,VV,동사
끌,VV,동사
태어나,VV,동사
을리,VV,동사
자지러지,VV,동사
트,VV,동사
사,VV,동사
가르,VV,동사
넘기,VV,동사
조지,VV,동사
호,VV,동사
안기,VV,동사
쥐,VV,동사
눈물나,VV,동사
나대,VV,동사
닿,VV,동사
모르,VV,동사
사라지,VV,동사
남아돌,VV,동사
마,VV,동사
돋보이,VV,동사
놓치,VV,동사
오,VV,동사
어,VV,동사
잊히,VV,동사
담,VV,동사
시,VV,동사
메우,VV,동사
영화화하,VV,동사
차오르,VV,동사
달,VV,동사
바꾸,VV,동사
풀리,VV,동사
어울리,VV,동사
미치,VV,동사
보이,VV,동사
지리,VV,동사
빼,VV,동사
치키,VV,동사
행하,VV,동사
기,VV,동사
느끼,VV,동사
보여주,VV,동사
쓰,VV,동사
짓,VV,동사
되돌아보,VV,동사
복받치,VV,동사
죽,VV,동사
잊,VV,동사
먹고살,VV,동사
기대되,VV,동사
돌아보,VV,동사
참,VV,동사
박수치,VV,동사
심,VV,동사
날아가,VV,동사
다그,VV,동사
살아남,VV,동사
떠들,VV,동사
바끼,VV,동사
나아가,VV,동사
없었,VV,동사
건지,VV,동사
짜증나,VV,동사
믿기,VV,동사
거르,VV,동사
잃어버리,VV,동사
닮,VV,동사
울,VV,동사
불리,VV,동사
대하,VV,동사
패,VV,동사
꼽히,VV,동사
내려가,VV,동사
뭐하,VV,동사
드,VV,동사
일으키,VV,동사
물어보,VV,동사
말하,VV,동사
붓,VV,동사
싶,VV,동사
다치,VV,동사
짜,VV,동사
망하,VV,동사
두려워하,VV,동사
속,VV,동사
부,VV,동사
까,VV,동사
묶,VV,동사
받,VV,동사
쏟,VV,동사
메,VV,동사
욕먹,VV,동사
던지,VV,동사
골,VV,동사
쉬,VV,동사
갖추,VV,동사
열,VV,동사
서,VV,동사
쪽팔리,VV,동사
억,VV,동사
남,VV,동사
빛나,VV,동사
싸,VV,동사
쩔,VV,동사
놀,VV,동사
봐주,VV,동사
맞추,VV,동사
깎,VV,동사
슬,VV,동사
이러,VV,동사
버리,VV,동사
삼,VV,동사
드리,VV,동사
좋아하,VV,동사
들이키,VV,동사
느껴지,VV,동사
느글거리,VV,동사
떼,VV,동사
찾,VV,동사
불타오르,VV,동사
뛰쳐나가,VV,동사
손꼽히,VV,동사
따,VV,동사
애쓰,VV,동사
그리,VV,동사
흐르,VV,동사
열리,VV,동사
계시,VV,동사
터지,VV,동사
싸지르,VV,동사
오,VX,"보조 동사 , 보조 형용사"
못하,VX,"보조 동사 , 보조 형용사"
보,VX,"보조 동사 , 보조 형용사"
않,VXA,보조 형용사
듯하,VXA,보조 형용사
만하,VXA,보조 형용사
싶,VXA,보조 형용사
계시,VXA,보조 형용사
가지,VXV,보조 동사
버리,VXV,보조 동사
말,VXV,보조 동사
주,VXV,보조 동사
내,VXV,보조 동사
않,VXV,보조 동사
달,VXV,보조 동사
싶,VXV,보조 동사
대,VXV,보조 동사
드리,VXV,보조 동사
나,VXV,보조 동사
있,VXV,보조 동사
놓,VXV,보조 동사
쌓,VXV,보조 동사
지,VXV,보조 동사
보,VXV,보조 동사
무,XPN,체언 접두사
준,XPN,체언 접두사
대,XPN,체언 접두사
비,XPN,체언 접두사
엇,XPN,체언 접두사
반,XPN,체언 접두사
저,XPN,체언 접두사
생,XPN,체언 접두사
재,XPN,체언 접두사
제,XPN,체언 접두사
구,XPN,체언 접두사
햇,XPN,체언 접두사
다,XPN,체언 접두사
신,XPN,체언 접두사
최,XPN,체언 접두사
우악,XR,어근
신선,XR,어근
웅장,XR,어근
깔끔,XR,어근
탄탄,XR,어근
비슷,XR,어근
무감,XR,어근
온화,XR,어근
저렴,XR,어근
충분,XR,어근
따뜻,XR,어근
강력,XR,어근
엉성,XR,어근
어색,XR,어근
명확,XR,어근
확실,XR,어근
유치,XR,어근
진부,XR,어근
위대,XR,어근
허술,XR,어근
신기,XR,어근
심심,XR,어근
답답,XR,어근
평이,XR,어근
진지,XR,어근
불쌍,XR,어근
궁금,XR,어근
지만,XR,어근
한심,XR,어근
억울,XR,어근
죄송,XR,어근
지루,XR,어근
똑똑,XR,어근
냉철,XR,어근
만만,XR,어근
대단,XR,어근
참신,XR,어근
훌륭,XR,어근
화려,XR,어근
시원,XR,어근
심각,XR,어근
흥미진진,XR,어근
무방,XR,어근
숭고,XR,어근
유쾌,XR,어근
굳건,XR,어근
웬만,XR,어근
하,XSA,형용사 파생 접미사
롭,XSA,형용사 파생 접미사
만하,XSA,형용사 파생 접미사
스럽,XSA,형용사 파생 접미사
답,XSA,형용사 파생 접미사
틱하,XSA,형용사 파생 접미사
적,XSN,명사 파생 접미사
네,XSN,명사 파생 접미사
들,XSN,명사 파생 접미사
께,XSN,명사 파생 접미사
료,XSN,명사 파생 접미사
리,XSN,명사 파생 접미사
화,XSN,명사 파생 접미사
음,XSN,명사 파생 접미사
물,XSN,명사 파생 접미사
별,XSN,명사 파생 접미사
성,XSN,명사 파생 접미사
색,XSN,명사 파생 접미사
님,XSN,명사 파생 접미사
재,XSN,명사 파생 접미사
로,XSN,명사 파생 접미사
질,XSN,명사 파생 접미사
들이,XSN,명사 파생 접미사
상,XSN,명사 파생 접미사
용,XSN,명사 파생 접미사
식,XSN,명사 파생 접미사
자,XSN,명사 파생 접미사
짜리,XSN,명사 파생 접미사
허,XSV,동사 파생 접미사
되,XSV,동사 파생 접미사
당하,XSV,동사 파생 접미사
하,XSV,동사 파생 접미사
시키,XSV,동사 파생 접미사
